"User ID","Name","Email","Password"
"1","Raj Kulkarni","user1@urbannest.com","t3djRS2$ZF6n"
"2","Rahul Verma","user2@urbannest.com","6jaoEmOt2Lbr"
"3","Abhay Patel","user3@urbannest.com","HGH2k$XBNrJm"
"4","Anita Sharma","user4@urbannest.com","Nu#6pTzO%!U1"
"5","Diksha Patel","user5@urbannest.com","OvJ7sE$VqFUT"
"6","Anjali Gulati","user6@urbannest.com","#WzfH74wsA0a"
"7","Meera Vadvaliker","user7@urbannest.com","ZwvgGVzBEp6O"
"8","Priya Singh","user8@urbannest.com","d%YNES8velNr"
"9","Diksha Singh","user9@urbannest.com","9BpA!jm!vvp1"
"10","Vikram Patel","user10@urbannest.com","9W4ghy8IyADF"
"11","Vikas Singh","user11@urbannest.com","hei15yq53H6N"
"12","Seema Kumari","user12@urbannest.com","dwv9C6w!r0#R"
"13","Seema Kumari","user13@urbannest.com","7AN1LzEpglEJ"
"14","Rahul Verma","user14@urbannest.com","7LuI5sEJ2wei"
"15","Rajesh More","user15@urbannest.com","qxoGLX5ztjqc"
"16","Nikhil Gupta","user16@urbannest.com","o0MdRAOHZfLa"
"17","Vikas Singh","user17@urbannest.com","FlUG7DrAcdcN"
"18","Vikas Naik","user18@urbannest.com","j#8fFwqeZsxZ"
"19","Abhishek Sharma","user19@urbannest.com","Q!Cy6Hx5u6qi"
"20","Sanjay Tripathi","user20@urbannest.com","S!ImzfAy6wSw"
"21","Sanjay Tripathi","user21@urbannest.com","z$fWkmWFN49W"
"22","Vikas Singh","user22@urbannest.com","JsvvosCP90vQ"
"23","Priya Singh","user23@urbannest.com","dGz8M2g3lOQv"
"24","Seema Gholap","user24@urbannest.com","ORIi7KAB1$2d"
"25","Sumita Singh","user25@urbannest.com","9Gw4cfCzyQUE"
"26","Priya Singh","user26@urbannest.com","gKihmDqcf3#s"
"27","Sumita Singh","user27@urbannest.com","W@CeLRwc4NUt"
"28","Rajesh More","user28@urbannest.com","vJigpSqaP8gq"
"29","Arjun Kadam","user29@urbannest.com","C0XYDORvTKYy"
"30","Rohit Kumar","user30@urbannest.com","$xKW9L48I!2y"
"31","Diksha Singh","user31@urbannest.com","KU7WkcqXzWaL"
"32","Meera Vadvaliker","user32@urbannest.com","y5XF@JTjpipR"
"33","Pratibha Verma","user33@urbannest.com","GoOFS0mM97U6"
"34","Pratibha Verma","user34@urbannest.com","zWM6dqs%gHO@"
"35","Aditya Sharma","user35@urbannest.com","KsaLGW1kTD#z"
"36","Sanjay Tripathi","user36@urbannest.com","EhvP77J7O9dj"
"37","Nisha Das","user37@urbannest.com","jyzr!ETp%QUl"
"38","Raj Kumari","user38@urbannest.com","ZgaLgx9N3dix"
"39","Nisha Gupta","user39@urbannest.com","$#gBKj%B7r27"
"40","Anjali Verma","user40@urbannest.com","IGJa3AsgCggr"
"41","Vikram Singh","user41@urbannest.com","HObgxM6idkBR"
"42","Raj Kumar","user42@urbannest.com","c6fxcpr6x4pf"
"43","Abhay Patel","user43@urbannest.com","#vyxvYD8fvL#"
"44","Mohan Singh","user44@urbannest.com","LiUGhkg7dGDM"
"45","Pooja Sharma","user45@urbannest.com","8BnB@kb98ZIt"
"46","Sanjay Chavan","user46@urbannest.com","gYdfqdl7UwEQ"
"47","Sumita Bhogle","user47@urbannest.com","tRTT3WRG3vIU"
"48","Nikhil Gupta","user48@urbannest.com","QPVPUUw$UTyi"
"49","Sita Verma","user49@urbannest.com","oIHQX9Er3KFB"
"50","Divya Sharma","user50@urbannest.com","Zi6VPl3@$ga7"
"51","Anjali Sharma","user51@urbannest.com","h#7wDzAkLmdU"
"52","Anjali Sharma","user52@urbannest.com","!D0FeidG1Z#9"
"53","Aditya Sharma","user53@urbannest.com","hOZT$rqEYz09"
"54","Anjali Verma","user54@urbannest.com","m1B5XOgpqc@q"
"55","Raj Kumar","user55@urbannest.com","yDr5#C9pa1se"
"56","Vikram Patel","user56@urbannest.com","GI1aPEhARUka"
"57","Pooja Kumari","user57@urbannest.com","GUhmOvE9RK08"
"58","Rahul Sharma","user58@urbannest.com","EVFYFoXwEvK5"
"59","Sumita Singh","user59@urbannest.com","jKrLrwTsdO%3"
"60","Anjali Sharma","user60@urbannest.com","fgMDXMGK%rK@"
"61","Rahul Verma","user61@urbannest.com","ITHVQXwMXAKa"
"62","Anjali Verma","user62@urbannest.com","9nzkazy!94ed"
"63","Pooja Sharma","user63@urbannest.com","M8PpAGP$3XL3"
"64","Sanjay Tripathi","user64@urbannest.com","4Tu%Jwd%HFia"
"65","Priya Singh","user65@urbannest.com","QDNIF4VvPzYD"
"66","Sumita Singh","user66@urbannest.com","tOhMvB7cd0Cl"
"67","Pratibha Verma","user67@urbannest.com","fAlS1oGUKq!F"
"68","Abhishek Sharma","user68@urbannest.com","E%P3e%fwhjOJ"
"69","Mohan Singh","user69@urbannest.com","2RjQllMqafZv"
"70","Nikhil Gupta","user70@urbannest.com","$gzrnaE0wRgw"
"71","Rohit Kumar","user71@urbannest.com","8Pa5FO3YE3At"
"72","Pratibha Verma","user72@urbannest.com","7ANByhw!PJXA"
"73","Vikas Singh","user73@urbannest.com","phV45MwknxuL"
"74","Rohit Kumar","user74@urbannest.com","#xLT7rP5HGkY"
"75","Anil Bose","user75@urbannest.com","UXTdBLN88S@I"
"76","Nisha Das","user76@urbannest.com","yJW@DD7ty%zH"
"77","Diksha Bose","user77@urbannest.com","cFpEtrw3YAj4"
"78","Anjali Gulati","user78@urbannest.com","aw6FLW5!euvI"
"79","Mohan Singh","user79@urbannest.com","fPTUZfEmbQpv"
"80","Sumita Singh","user80@urbannest.com","U%0gn2#iZr7@"
"81","Nisha Gupta","user81@urbannest.com","2jaUTJAMXB$m"
"82","Anjali Sharma","user82@urbannest.com","Q4jjVqATn6J2"
"83","Rahul Verma","user83@urbannest.com","kcZ2wVnt6iuj"
"84","Pooja Sharma","user84@urbannest.com","HqJtfMn%Y6iJ"
"85","Anjali Sharma","user85@urbannest.com","qx7sD%QMHzP7"
"86","Pooja Sharma","user86@urbannest.com","3OWPgLAT1oq8"
"87","Vikas Singh","user87@urbannest.com","rVW9veiGLPra"
"88","Rahul Verma","user88@urbannest.com","zR@RqXN@K6ZN"
"89","Rahul Verma","user89@urbannest.com","kO1E9OvJXUg9"
"90","Raj Kumar","user90@urbannest.com","z7lgyGGeuCSg"
"91","Pooja Sharma","user91@urbannest.com","B34eSFPiziLh"
"92","Ritu Sharma","user92@urbannest.com","rYd0%zHgFzsY"
"93","Anjali Sharma","user93@urbannest.com","fEFhFtUInl3h"
"94","Raj Kumar","user94@urbannest.com","CZMB66bMIHoF"
"95","Aditya Sharma","user95@urbannest.com","jaFD%Vd#IvrI"
"96","Rahul Verma","user96@urbannest.com","1EJJ2Nw8pJGi"
"97","Anjali Sharma","user97@urbannest.com","zI@W9Hse@m#q"
"98","Rohit Kumar","user98@urbannest.com","SlvKnRPoaD@J"
"99","Sanjay Tripathi","user99@urbannest.com","QhtHhkUvJ@qs"
"100","Ritu Sharma","user100@urbannest.com","SHPDJa49NdFy"
"101","Nisha Gupta","user101@urbannest.com","wz5Jn@hoPbXH"
"102","Diksha Singh","user102@urbannest.com","4#uzjlxYRbvh"
"103","Anjali Verma","user103@urbannest.com","skE7GexBNKE4"
"104","Mohan Singh","user104@urbannest.com","d6wu#Xf2yzRC"
"105","Rahul Verma","user105@urbannest.com","itMbImXUI$C2"
"106","Raj Kumar","user106@urbannest.com","3aVhmQrR#9m0"
"107","Nikhil Gupta","user107@urbannest.com","qfF#GAK4QKdJ"
"108","Mohan Singh","user108@urbannest.com","lBn1f2ovu2vr"
"109","Vikram Patel","user109@urbannest.com","yjchAhMN9qbE"
"110","Aditya Sharma","user110@urbannest.com","zaenoM573K!M"
"111","Rahul Verma","user111@urbannest.com","9ATpK5bdZXG4"
"112","Anjali Sharma","user112@urbannest.com","!0Kg$Z4S7Z33"
"113","Pooja Sharma","user113@urbannest.com","oG2!tkocEDOf"
"114","Anjali Sharma","user114@urbannest.com","rD2J9N3vWO8B"
"115","Aditya Sharma","user115@urbannest.com","nZ!aGpo86dtl"
"116","Arjun Kadam","user116@urbannest.com","mLPbBlUig5hp"
"117","Anjali Verma","user117@urbannest.com","iO7Y878dHg5D"
"118","Raj Kumari","user118@urbannest.com","oNiJWEbQO#1H"
"119","Pooja Kumari","user119@urbannest.com","1lSwqOf9F5Fg"
"120","Priya Sharma","user120@urbannest.com","ii!Jg@v1U3Qn"
"121","John Smith","user121@urbannest.com","YlByPCRBo$Wy"
"122","Sarah Johnson","user122@urbannest.com","3lPwe7@HGfWj"
"123","Michael Brown","user123@urbannest.com","OUrLPXCzK6NV"
"124","Emily Davis","user124@urbannest.com","%QXuSp3GvnDk"
"125","David Wilson","user125@urbannest.com","dZJqQb!YobDb"
"126","Jessica Martinez","user126@urbannest.com","72JngxZ#tiRo"
"127","James Anderson","user127@urbannest.com","CVmXDVNaVDu8"
"128","Michelle Taylor","user128@urbannest.com","q2XYhRRZA#Cz"
"129","Robert Thomas","user129@urbannest.com","i8MwVtiGFk#j"
"130","Lisa White","user130@urbannest.com","MpEuqYgdwGln"
"131","Christopher Jackson","user131@urbannest.com","!yR#2cDYlgG#"
"132","Karen Harris","user132@urbannest.com","RL%K0usv!5%@"
"133","Daniel Martin","user133@urbannest.com","rO48c7#IGF@D"
"134","Nancy Thompson","user134@urbannest.com","32$CwA5RVIca"
"135","Matthew Garcia","user135@urbannest.com","@GsbSkzCYZLW"
"136","Susan Martinez","user136@urbannest.com","Y7@6!2eP@jRS"
"137","Anthony Robinson","user137@urbannest.com","ZyKc0c84NBf@"
"138","Margaret Clark","user138@urbannest.com","tltPCnv@1F31"
"139","Mark Rodriguez","user139@urbannest.com","Uen8i4euzLos"
"140","Dorothy Lewis","user140@urbannest.com","TwbnBO9iVlwx"
"141","Donald Lee","user141@urbannest.com","atdPJLdFdJi$"
"142","Brenda Walker","user142@urbannest.com","SLB!#F7CIDQX"
"143","Steven Hall","user143@urbannest.com","8QMxhr7CjJUd"
"144","Sandra Young","user144@urbannest.com","jNFvLuczHBf0"
"145","Paul Hernandez","user145@urbannest.com","s!tzpnFeV7BG"
"146","Kimberly King","user146@urbannest.com","$kacY26Uis8r"
"147","Andrew Wright","user147@urbannest.com","M8HVd3Go!mxB"
"148","Carolyn Lopez","user148@urbannest.com","LksKE63k$2eu"
"149","Joshua Hill","user149@urbannest.com","rOillle9!OY%"
"150","Janet Scott","user150@urbannest.com","uNGSck5d9ZyW"
"151","Kenneth Green","user151@urbannest.com","X$VtX4SohtBs"
"152","Maria Adams","user152@urbannest.com","tLT@LWqka4gm"
"153","Kevin Nelson","user153@urbannest.com","SQN5$pVyuy#G"
"154","Diane Carter","user154@urbannest.com","oOQbh6C9hcDi"
"155","Brian Roberts","user155@urbannest.com","HC$z$C13U#ac"
"156","Kathleen Phillips","user156@urbannest.com","gopiTrQby$E9"
"157","George Campbell","user157@urbannest.com","ygVTfbWWohJL"
"158","Judith Parker","user158@urbannest.com","SCkSUzNFKw84"
